station,lat,lon,ridership_h00,ridership_h01,ridership_h02,ridership_h03,ridership_h04,ridership_h05,ridership_h06,ridership_h07,ridership_h08,ridership_h09,ridership_h10,ridership_h11,ridership_h12,ridership_h13,ridership_h14,ridership_h15,ridership_h16,ridership_h17,ridership_h18,ridership_h19,ridership_h20,ridership_h21,ridership_h22,ridership_h23,ridership_peak,ridership_total
Attiguppe,12.9618581,77.5335932,1.4166666666666667,0.0,0.0,0.0,7.25,91.9375,250.72916666666666,716.3125,1437.6041666666667,1754.0208333333335,1217.3958333333333,770.2916666666666,699.8333333333333,725.875,717.2708333333333,777.2708333333333,911.4166666666667,1234.4166666666667,1512.8541666666665,1483.9375,974.6041666666667,677.0625,389.72916666666663,148.27083333333334,1754.0208333333335,16499.5
BTM Layout,12.916598,77.6086222,15.80811403508772,0.0,0.0,0.0,0.0,2.7774122807017547,60.22587719298245,219.6951754385965,489.86293859649123,542.3958333333334,411.77083333333337,364.390350877193,348.8201754385965,364.82127192982455,360.5625,351.70394736842104,428.0844298245614,516.4780701754386,724.376096491228,830.313596491228,567.9857456140351,387.9901315789474,232.1502192982456,77.41776315789474,830.313596491228,7297.630482456141
Baiyappanahalli,12.9906745,77.652392,10.666666666666666,0.0,0.0,0.0,20.895833333333332,125.85416666666666,397.39583333333337,1030.2291666666665,2255.7291666666665,3125.3125,1904.3541666666665,1142.125,1025.5208333333333,965.5625,972.75,1061.3541666666667,1414.8125,2045.5833333333335,2797.1666666666665,2196.041666666667,1559.0208333333333,1000.6458333333334,529.0625,139.16666666666669,3125.3125,25719.25
Banashankari,12.9152186,77.5736205,8.854166666666668,0.0,0.0,0.0,3.9375,143.375,305.79166666666663,960.4791666666666,1859.2291666666665,2014.0833333333335,1697.9166666666665,1444.625,1345.7083333333335,1400.1041666666667,1275.3958333333333,1266.5416666666667,1518.75,1903.6875,2160.625,2120.9375,1404.2083333333333,890.1875,503.0625,141.29166666666666,2160.625,24368.791666666664
Benniganahalli,12.996496,77.6684788,16.854166666666668,0.0,0.0,0.0,50.270833333333336,259.2291666666667,759.4583333333333,1960.3333333333333,3692.6666666666665,4604.625,3862.208333333333,2719.708333333333,2417.0833333333335,2208.5,2214.1875,2352.270833333333,2955.5625,3875.8958333333335,4662.5,4398.625,3094.375,2030.4583333333335,1143.6875,311.60416666666663,4662.5,49590.10416666667
Beratena Agrahara,12.8635659,77.6581956,1.1469298245614037,0.0,0.0,0.0,0.0,0.7839912280701755,8.733552631578949,33.862938596491226,82.80372807017544,107.82236842105263,85.46271929824562,65.45175438596492,61.24780701754386,62.06469298245614,58.27741228070175,64.14035087719299,81.49122807017544,118.71710526315789,158.14473684210526,118.15021929824562,82.72697368421052,50.90460526315789,29.825657894736842,6.089912280701754,158.14473684210526,1277.8486842105262
Biocon Hebbagodi,12.8285866,77.6815497,4.1875,0.0,0.0,0.0,0.0,1.9155701754385963,27.38377192982456,71.79057017543859,182.79495614035088,180.92763157894737,148.44627192982455,146.734649122807,135.05043859649123,142.95723684210526,150.0076754385965,154.07894736842104,179.85526315789474,234.5964912280702,297.93092105263156,250.12061403508773,175.89144736842104,127.61293859649123,59.97478070175438,25.567982456140353,297.93092105263156,2697.8256578947367
Bommanahalli,12.910304,77.6267043,13.200657894736842,0.0,0.0,0.0,0.0,6.702850877192983,71.73574561403508,229.3793859649123,494.8486842105263,579.8004385964913,477.75,403.093201754386,349.8453947368421,339.5515350877193,363.24890350877195,379.69627192982455,456.0701754385965,564.0361842105262,790.3223684210527,862.1995614035088,565.1896929824561,408.48026315789474,215.640350877193,68.79495614035088,862.1995614035088,7639.586622807017
Central Silk Board,12.9167339,77.6210257,10.5,0.0,0.0,0.0,0.0,6.911184210526316,75.45504385964912,240.9660087719298,549.2401315789473,672.0997807017543,549.9780701754386,478.92872807017545,402.6151315789474,424.43092105263156,426.91008771929825,450.39144736842104,581.9605263157895,739.0021929824561,942.546052631579,960.280701754386,681.4462719298247,425.41666666666663,234.88377192982455,65.04385964912281,960.280701754386,8919.006578947368
Challaghatta,12.897289,77.4612476,9.541666666666666,0.0,0.0,0.0,6.104166666666667,44.916666666666664,163.375,471.33333333333337,1281.8125,1038.9375,741.5,658.4166666666667,605.9583333333333,670.3333333333334,608.0208333333334,679.7291666666666,836.9375,867.3541666666667,958.5416666666666,927.7291666666666,648.625,416.25,242.02083333333331,91.58333333333333,1281.8125,11969.020833333334
Chickpete,12.966924,77.5745737,0.0,0.0,0.0,0.0,1.4166666666666665,49.958333333333336,146.22916666666666,421.625,706.0625,1213.3333333333335,2020.7291666666667,2602.583333333333,2941.9166666666665,2887.3333333333335,3048.916666666667,2942.020833333333,2824.583333333333,2666.2916666666665,2462.8333333333335,2127.7708333333335,1674.0208333333333,851.125,236.97916666666669,44.54166666666667,3048.916666666667,31870.270833333332
Chikkabidarakallu,13.0523847,77.4879224,7.729166666666667,0.0,0.0,0.0,3.8333333333333335,35.64583333333333,117.35416666666667,389.41666666666663,715.9791666666666,730.1666666666667,462.7083333333333,353.2083333333333,335.64583333333337,329.6666666666667,349.41666666666663,353.45833333333337,428.33333333333337,537.4166666666667,670.2291666666666,776.7291666666666,562.25,356.2291666666667,213.95833333333334,92.45833333333334,776.7291666666666,7821.833333333334
Cubbon Park,12.9808954,77.597562,0.10416666666666667,0.0,0.0,0.0,2.916666666666667,42.854166666666664,197.70833333333331,656.75,1564.25,3139.3958333333335,2819.2916666666665,1566.0,1369.4375,1397.7291666666665,1373.4375,1483.5625,1770.9166666666665,2595.3541666666665,3287.7708333333335,2199.291666666667,1162.4583333333333,617.1666666666666,335.0208333333333,74.625,3287.7708333333335,27656.041666666664
Dasarahalli,13.0432956,77.5125628,19.354166666666668,0.0,0.0,0.0,6.3125,136.95833333333334,324.875,1015.3958333333334,1969.2291666666665,1942.4583333333333,1359.5833333333333,1048.0625,1031.2291666666667,1022.875,1021.2708333333334,1063.2291666666667,1159.875,1553.8333333333333,1970.1875,2027.7708333333333,1568.6875,1012.4375,542.1666666666667,178.33333333333331,2027.7708333333333,21974.125
Deepanjali Nagar,12.9520466,77.5370399,3.5,0.0,0.0,0.0,26.375,100.125,216.4375,454.72916666666663,691.2083333333333,830.0625,634.8541666666666,451.1458333333333,434.0208333333333,442.72916666666663,415.52083333333337,424.3541666666667,532.5,689.1666666666666,866.4583333333333,890.8333333333334,675.4583333333334,536.7708333333334,348.5,116.95833333333334,890.8333333333334,9781.708333333334
Delta Electronics Bommasandra,12.8190878,77.688657,23.4375,0.0,0.0,0.0,0.05263157894736842,6.804824561403509,122.1765350877193,395.5405701754386,773.0274122807018,842.6480263157895,733.5219298245614,736.9013157894738,652.5899122807018,648.8410087719299,644.9758771929825,713.4725877192982,854.001096491228,999.7927631578947,1189.9429824561403,1080.6655701754387,733.2258771929825,500.1743421052631,223.952850877193,93.30811403508773,1189.9429824561403,11969.053728070176
Doddakallasandra,12.8846245,77.5527796,5.354166666666667,0.0,0.0,0.0,3.0,34.75,126.29166666666667,468.0208333333333,828.6041666666666,1013.4166666666667,669.1458333333333,498.77083333333337,444.0208333333333,475.91666666666663,454.0833333333333,497.58333333333337,613.9375,760.9583333333333,949.375,949.7291666666667,659.4791666666666,409.875,198.97916666666666,78.0625,1013.4166666666667,10139.354166666666
"Dr. B. R. Ambedkar Station, Vidhana Soudha",12.9779727,77.5911088,0.0,0.0,0.0,0.0625,1.1666666666666667,30.354166666666664,128.83333333333334,379.4375,1056.2083333333335,2123.9583333333335,3120.1041666666665,1530.0416666666667,1287.7708333333333,1394.0833333333335,1357.125,1310.0833333333335,1492.0416666666665,2692.0416666666665,2398.8125,1411.7083333333333,682.0833333333333,367.0,127.70833333333334,26.5,3120.1041666666665,22917.125
Electronic City,12.8562795,77.6637352,11.260964912280702,0.0,0.0,0.0,0.0,4.494517543859649,60.3234649122807,266.9353070175439,383.65131578947364,403.82127192982455,378.2532894736842,357.38377192982455,387.1875,378.41118421052636,361.63377192982455,446.11403508771934,489.44407894736844,532.6787280701755,594.4978070175439,560.8684210526316,430.922149122807,291.63157894736844,186.60635964912282,65.25877192982456,594.4978070175439,6591.378289473685
Garudacharpalya,12.9935165,77.7032966,6.145833333333333,0.0,0.020833333333333332,0.0,4.5625,62.125,201.54166666666669,434.7708333333333,1158.4166666666665,1859.8958333333333,1403.7291666666667,756.7916666666666,573.375,605.5,562.4375,659.9583333333333,979.0416666666667,1389.2916666666667,1794.1666666666667,1361.0833333333335,836.3541666666667,618.3958333333333,361.7916666666667,96.375,1859.8958333333333,15725.770833333332
Goraguntepalya,13.0282471,77.5411923,5.604166666666667,0.0,0.0,0.0,10.4375,99.54166666666666,238.47916666666669,605.7708333333334,1216.625,1456.5625,998.4166666666667,705.4791666666667,644.2708333333334,675.5833333333333,638.0416666666667,665.2291666666667,766.1041666666667,1004.4583333333333,1425.7291666666665,1330.4583333333335,890.1666666666666,572.5833333333333,370.5833333333333,87.35416666666667,1456.5625,14407.479166666666
Halasuru,12.9764915,77.626705,1.8333333333333333,0.0,0.0,0.0,3.979166666666667,82.16666666666666,239.25,654.5625,1393.6458333333333,1868.1041666666665,1355.9166666666665,958.7083333333334,758.8333333333333,751.7083333333333,787.0416666666667,801.4791666666667,932.6458333333334,1227.6458333333333,1711.6666666666665,1708.4583333333333,1184.75,777.8125,423.9375,125.08333333333334,1868.1041666666665,17749.229166666668
Hongasandra,12.9013317,77.6322415,7.7131410256410255,0.0,0.0,0.0,0.0,2.8621794871794872,32.96634615384615,122.36858974358974,313.59455128205127,457.72596153846155,319.0849358974359,267.2307692307692,230.27564102564105,232.8397435897436,237.54487179487182,265.69711538461536,318.67147435897436,375.3557692307692,536.7708333333333,552.2884615384615,344.5480769230769,234.27403846153845,129.59294871794873,41.99358974358974,552.2884615384615,5023.399038461539
Hoodi,12.9891327,77.7118453,12.166666666666666,0.0,0.0,0.0,1.625,75.95833333333334,202.9375,471.66666666666663,916.625,1229.375,932.8333333333334,632.375,585.3541666666666,567.4791666666667,564.625,625.7916666666667,840.8541666666666,1135.3333333333333,1482.8541666666665,1331.3333333333335,910.2916666666667,608.7708333333333,374.95833333333337,118.58333333333333,1482.8541666666665,13621.791666666668
Hopefarm Channasandra,12.9872074,77.7538642,7.916666666666666,0.0,0.0,0.0,1.8333333333333333,14.395833333333332,63.666666666666664,156.83333333333334,441.6458333333333,608.5625,409.9791666666667,266.3333333333333,217.14583333333334,207.4375,200.9375,220.1875,314.45833333333337,381.70833333333337,556.25,489.95833333333337,307.5416666666667,182.72916666666666,111.14583333333333,46.083333333333336,608.5625,5206.75
Hosa Road,12.8703997,77.6527461,9.241228070175438,0.0,0.0,0.0,0.0,2.3344298245614032,72.12280701754386,244.38815789473685,447.8881578947368,480.03399122807014,371.2467105263158,358.6326754385965,336.4561403508772,305.780701754386,302.9780701754386,333.98135964912285,388.4901315789474,500.5723684210526,630.2839912280701,581.9188596491229,460.41337719298247,281.7203947368421,164.6765350877193,58.31907894736842,630.2839912280701,6331.479166666667
Huskur Road,12.8387166,77.6777338,4.174679487179487,0.0,0.0,0.0,0.0,2.0208333333333335,34.31089743589744,125.77724358974359,269.10897435897436,251.3301282051282,221.36538461538458,195.88621794871796,189.1153846153846,196.70673076923077,193.7644230769231,224.74519230769232,280.23397435897436,339.17788461538464,420.7211538461538,365.8301282051282,272.4935897435897,169.62660256410257,98.61538461538461,34.02403846153846,420.7211538461538,3889.0288461538457
Indiranagar,12.9783079,77.6386592,10.270833333333332,0.0,0.0,0.0,9.104166666666668,103.02083333333333,365.83333333333337,1000.8541666666667,2869.0,4782.708333333333,3853.25,2292.0625,1941.1875,1985.375,1960.7083333333335,2131.4375,2692.270833333333,3663.8125,4917.104166666667,4444.041666666667,2833.270833333333,1685.5208333333335,1011.0416666666667,290.6666666666667,4917.104166666667,44842.54166666667
Infosys Foundation Konappana Agrahara,12.8460892,77.6714519,12.15,0.0,0.0,0.0,0.25,8.383333333333335,112.89166666666667,298.525,682.0166666666667,731.0083333333333,695.5708333333333,570.6833333333334,534.45,565.325,518.0333333333333,616.2208333333333,753.9333333333334,938.9125,1051.9166666666667,949.4875,669.5,419.48333333333335,252.44166666666666,91.20416666666667,1051.9166666666667,10472.3875
Jalahalli,13.0394442,77.5197626,11.979166666666668,0.0,0.0,0.0625,6.166666666666667,101.0,249.04166666666666,637.3125,1317.375,1383.9166666666665,961.0416666666667,806.2083333333333,802.4375,800.7083333333333,773.9375,810.6458333333334,901.9583333333333,1238.1458333333335,1577.2708333333335,1456.2708333333333,1058.4375,686.9791666666666,371.5416666666667,123.72916666666667,1577.2708333333335,16076.166666666666
Jaya Prakash Nagar,12.9074812,77.5731495,14.208333333333334,0.0,0.0,0.0,3.5,110.08333333333334,212.125,712.0833333333334,1564.875,2037.0416666666665,1354.8125,931.0416666666667,901.4791666666667,917.1666666666667,920.625,942.2708333333333,1164.2708333333333,1468.9166666666665,1865.8333333333335,1893.1041666666667,1328.75,876.8333333333333,535.875,180.45833333333331,2037.0416666666665,19935.354166666668
Jayadeva Hospital,12.9167643,77.6004425,6.770833333333333,0.0,0.0,0.0,0.0,3.1041666666666665,48.34166666666667,177.44583333333333,456.8875,676.5541666666667,548.325,432.45416666666665,415.35416666666663,429.33333333333337,434.60833333333335,456.55,571.9875,664.4541666666667,877.5166666666667,834.6375,474.95833333333337,272.91666666666663,166.10416666666669,46.325,877.5166666666667,7994.629166666667
Jayanagar,12.9295069,77.5801653,0.6041666666666666,0.0,0.0,0.020833333333333332,5.9375,58.79166666666667,177.72916666666669,581.4375,1639.8125,2469.5416666666665,1892.5625,1423.7708333333333,1461.8333333333333,1561.4583333333335,1678.6458333333333,1606.9583333333335,2241.3958333333335,2284.5208333333335,2539.083333333333,2307.5625,1568.3541666666665,965.4791666666667,480.02083333333337,125.97916666666667,2539.083333333333,27071.5
Jnanabharathi,12.935405,77.5124194,10.208333333333334,0.0,0.0,0.0,1.1875,34.58333333333333,119.89583333333333,361.6875,722.3541666666667,853.9166666666667,593.1875,437.95833333333337,406.2083333333333,396.5625,398.6041666666667,429.22916666666663,470.125,636.2708333333334,768.3958333333334,770.4791666666666,530.6875,328.9166666666667,200.02083333333331,57.95833333333333,853.9166666666667,8528.4375
Kadugodi Tree Park,12.9857936,77.7465715,50.5625,0.0,0.0,0.0,8.645833333333334,100.14583333333333,325.9375,663.6458333333334,1578.625,2174.5625,1941.2291666666667,1387.6458333333333,1004.5,1054.7708333333333,933.7291666666667,921.0,1316.3333333333333,1530.8125,2367.6666666666665,2225.604166666667,1586.4166666666665,1064.4583333333335,623.1666666666666,267.6875,2367.6666666666665,23127.145833333336
Kengeri,12.9078971,77.4765871,5.291666666666667,0.0,0.0,0.0,4.5,36.9375,161.4375,471.6875,879.875,950.375,593.3333333333333,468.8541666666667,410.4791666666667,383.0833333333333,363.54166666666663,411.8958333333333,486.04166666666663,598.6041666666667,755.4166666666667,739.1666666666667,557.2708333333333,387.5,240.1875,55.979166666666664,950.375,8961.458333333334
Kengeri Bus Terminal,12.9146648,77.4878613,18.520833333333332,0.0,0.0,0.0,8.875,77.83333333333333,280.9583333333333,710.0208333333334,1135.1458333333333,1211.6458333333333,889.1666666666667,771.0208333333334,787.1041666666666,802.1458333333333,766.125,810.7916666666667,962.5,1162.0833333333333,1251.5833333333333,1306.0208333333335,940.7291666666667,634.8333333333334,383.89583333333337,122.1875,1306.0208333333335,15033.1875
Konanakunte Cross,12.8889432,77.5627011,14.229166666666666,0.0,0.0,0.0,8.604166666666666,99.04166666666666,304.625,901.1458333333333,1605.5625,1774.5208333333333,1383.0,1189.5208333333333,1243.4583333333335,1325.625,1320.9583333333333,1427.4583333333333,1667.5833333333333,1916.7708333333333,2207.6458333333335,2268.5625,1601.75,1160.6875,710.7708333333333,184.75,2268.5625,24316.270833333332
Krantivira Sangolli Rayanna Railway Station,12.9758581,77.5653792,0.0,0.0,0.0,1.0625,82.85416666666667,444.83333333333337,791.0208333333334,1205.2083333333333,1572.25,1927.375,1367.6041666666667,1095.4166666666667,1228.5833333333335,1284.8333333333333,1443.3958333333335,1114.0833333333333,1590.7916666666667,2457.875,2396.0208333333335,1780.3958333333335,1612.625,1312.2916666666665,937.8125,261.7291666666667,2457.875,25908.0625
Krishna Rajendra Market,12.9608898,77.5746822,0.0,0.0,0.0,0.0,5.916666666666666,113.16666666666667,235.10416666666666,593.9375,1219.9166666666667,1705.6875,1473.5833333333335,1191.6875,1183.6666666666665,1223.9791666666665,1244.0,1184.4791666666667,1463.125,1436.25,1492.3333333333335,1443.5625,1081.9583333333333,634.1041666666666,310.52083333333337,83.97916666666667,1705.6875,19320.958333333336
Krishnarajapura,12.9998836,77.6778421,14.395833333333332,0.020833333333333332,0.0,0.3333333333333333,35.29166666666667,217.5625,606.1875,1368.6458333333333,2730.2291666666665,3262.041666666667,2441.854166666667,2029.3125,1726.0625,1620.625,1510.1041666666665,1728.6041666666665,2292.854166666667,2918.7916666666665,3358.8541666666665,3443.270833333333,2256.9166666666665,1573.0208333333335,879.6041666666666,276.25,3443.270833333333,36290.833333333336
Kudlu Gate,12.8895614,77.63947,9.838141025641026,0.0,0.0,0.0,0.0,2.4134615384615388,48.27724358974359,168.8092948717949,426.1121794871795,531.7403846153846,378.15705128205127,307.2227564102564,276.7355769230769,291.15544871794873,280.9551282051282,291.3942307692308,370.51121794871796,448.3044871794872,705.9439102564103,706.2804487179487,425.4022435897436,263.03044871794873,152.5801282051282,54.47435897435898,706.2804487179487,6139.338141025642
Kundalahalli,12.9776292,77.715061,10.75,0.0,0.0,0.0,0.7291666666666666,51.4375,179.75,439.14583333333337,1163.5,1726.25,1529.9791666666665,902.8125,702.0625,612.1875,666.3333333333334,841.5416666666667,1328.3333333333333,1526.875,1571.5833333333333,1206.5625,802.9375,550.0416666666666,325.66666666666663,89.0625,1726.25,16227.541666666664
Lalbagh,12.9465345,77.5800377,0.0,0.0,0.0,0.0,2.9375,35.04166666666667,101.66666666666666,320.35416666666663,736.9583333333333,1180.8958333333333,1024.5833333333333,778.8125,799.4583333333333,902.1041666666666,889.375,977.8541666666667,1110.2916666666665,1252.375,1427.0416666666667,1163.1666666666665,579.1041666666666,339.2708333333333,171.08333333333331,59.479166666666664,1427.0416666666667,13851.854166666666
Madavara,13.0574359,77.4728077,8.979166666666666,0.020833333333333332,0.0,0.0,5.5,58.208333333333336,199.33333333333334,616.5416666666666,1245.1666666666667,1273.2708333333335,1009.5208333333333,818.0625,747.9791666666666,702.625,744.4583333333333,799.7708333333333,890.3125,1183.8541666666665,1357.4791666666665,1357.3541666666665,912.875,594.0625,333.8958333333333,122.4375,1357.4791666666665,14981.708333333332
Magadi Road,12.975608,77.5553564,0.020833333333333332,0.0,0.0,0.0,9.0,72.4375,202.54166666666669,530.8125,1106.9166666666667,1533.7708333333333,1285.2083333333333,691.4583333333334,631.0,686.1041666666666,640.5208333333333,664.2291666666667,828.1666666666667,1019.7708333333333,1365.25,1317.6041666666667,955.0416666666667,629.0625,373.1875,91.52083333333334,1533.7708333333333,14633.625
Mahakavi Kuvempu Road,12.9985238,77.5568794,0.0,0.0,0.0,0.0,4.770833333333333,49.645833333333336,126.02083333333334,421.9375,839.4375,1119.6666666666667,760.9791666666666,501.375,493.20833333333337,497.5416666666667,503.64583333333337,512.5625,574.1041666666666,770.3958333333334,991.875,1065.7291666666665,719.8541666666667,482.08333333333337,261.9583333333333,73.52083333333334,1119.6666666666667,10770.3125
Mahalakshmi,13.0080714,77.5488245,0.3541666666666667,0.0,0.0,0.0,4.854166666666666,64.39583333333334,195.8125,625.375,1321.3958333333333,1680.2083333333335,1405.7083333333335,1277.3125,1353.3125,1260.5625,1248.6875,1110.7708333333335,1252.7708333333333,1558.9791666666667,1895.4583333333335,1768.2083333333335,1179.3125,680.9375,362.2916666666667,114.89583333333334,1895.4583333333335,20361.604166666664
Mahatma Gandhi Road,12.9756285,77.6062979,0.0,0.0,0.0,0.0,2.708333333333333,46.729166666666664,257.3958333333333,801.4791666666666,1839.2916666666665,3747.4166666666665,3087.541666666667,2246.645833333333,2029.8541666666667,2126.3958333333335,2251.770833333333,2443.75,2741.479166666667,3581.3333333333335,4752.354166666667,4263.25,2854.4166666666665,1852.1041666666667,1282.5625,347.7916666666667,4752.354166666667,42556.27083333333
Manjunathanagara,13.0501121,77.4944527,2.583333333333333,0.0,0.0,0.0,1.1875,17.125,45.916666666666664,119.83333333333334,209.35416666666669,188.27083333333334,130.39583333333331,111.66666666666666,97.8125,103.02083333333334,109.25,104.0625,128.04166666666666,156.0625,223.08333333333331,237.85416666666666,176.9375,126.97916666666666,85.10416666666667,24.416666666666664,237.85416666666666,2398.958333333333
Mantri Square Sampige Road,12.9904754,77.5707615,0.0,0.0,0.0,0.020833333333333332,3.5,52.229166666666664,174.16666666666666,944.1041666666667,1450.625,2374.4375,2118.3541666666665,1746.8958333333335,1946.1458333333335,2070.333333333333,2163.270833333333,2084.4166666666665,2431.354166666667,2887.145833333333,3320.3125,3080.770833333333,2017.6041666666667,1363.1041666666667,795.0625,136.3125,3320.3125,33160.166666666664
Mysore Road,12.9466619,77.5300896,6.0,0.0,0.0,0.0,5.541666666666667,36.02083333333333,157.5625,762.2708333333333,1249.1875,1375.125,845.3541666666666,485.0208333333333,444.7291666666667,495.52083333333337,487.83333333333337,498.64583333333337,669.6041666666667,927.75,1069.0208333333335,1048.4791666666667,717.6041666666666,408.52083333333337,236.83333333333331,74.0625,1375.125,12000.6875
"Nadaprabhu Kempegowda Station, Majestic",12.9756523259,77.57304966336,0.041666666666666664,0.0,0.0,8.875,282.41666666666663,1069.3333333333333,1890.6458333333333,3070.375,3933.0208333333335,4766.708333333334,4561.75,4199.4375,4406.0625,4565.9375,4765.979166666667,4551.375,5312.375,6226.541666666666,6689.208333333334,6582.166666666667,5459.895833333334,4503.5625,2807.0833333333335,781.8333333333333,6689.208333333334,80434.625
Nagasandra,13.0479782,77.5001473,12.041666666666666,0.0,0.0,0.0,6.916666666666666,69.0625,237.27083333333334,830.9375,1759.1458333333335,1770.1875,1048.3958333333333,870.625,876.5,918.1666666666667,1016.8958333333334,1036.2916666666667,1271.125,1558.4583333333335,1847.3958333333335,1745.9791666666665,1318.7916666666667,770.6875,484.91666666666663,128.3125,1847.3958333333335,19578.104166666668
Nallurahalli,12.9766126,77.7243495,7.354166666666666,0.0,0.0,0.0,0.75,44.25,145.45833333333331,415.72916666666663,1187.8125,1901.9166666666667,1591.9791666666667,970.9791666666666,783.7708333333334,689.2291666666667,621.0,746.9375,1204.7916666666667,1368.8541666666667,1564.9583333333335,1261.7291666666667,812.625,515.6875,263.5625,75.89583333333333,1901.9166666666667,16175.270833333332
National College,12.9505258,77.573712,0.020833333333333332,0.0,0.0,0.0,2.958333333333333,55.1875,163.4375,867.9375,2253.645833333333,2474.1041666666665,1853.7708333333333,1391.0416666666667,1330.1875,1541.7291666666667,1527.625,1541.7708333333335,1844.5,1948.4583333333333,2175.0625,2042.3333333333335,1348.2291666666665,872.3125,444.52083333333337,118.08333333333333,2474.1041666666665,25796.916666666668
Pantharapalya - Nayandahalli,12.9416608,77.525127,3.4375,0.0,0.0,0.0,0.9791666666666666,20.479166666666664,58.77083333333333,154.54166666666666,279.0,335.16666666666663,251.60416666666669,218.97916666666666,237.72916666666669,257.7708333333333,241.375,258.6458333333333,303.29166666666663,330.35416666666663,377.45833333333337,415.8125,293.0625,214.29166666666669,149.79166666666666,37.8125,415.8125,4440.354166666666
Pattanagere,12.9242399,77.4983713,8.1875,0.0,0.0,0.0,3.9375,47.45833333333333,125.97916666666666,345.9375,1323.9166666666667,1492.2291666666665,762.6875,537.4791666666667,504.33333333333337,625.6875,544.25,649.2708333333334,939.6666666666666,985.7291666666667,945.7916666666666,792.5416666666666,526.3125,327.9791666666667,192.8125,64.125,1492.2291666666665,11746.3125
Pattandur Agrahara,12.9875935,77.7372451,12.9375,0.0,0.0,0.0,2.2916666666666665,43.375,139.91666666666666,376.3958333333333,915.5833333333333,1975.9375,2411.6875,1796.9166666666667,1158.4583333333335,1094.8958333333335,943.0625,1145.0,1609.2083333333333,2019.625,2217.4166666666665,1784.5,1069.8333333333333,733.0625,398.75,86.08333333333333,2411.6875,21934.9375
Peenya,13.0330515,77.5332233,5.291666666666666,0.0,0.0,0.0,1.0,25.75,90.9375,345.3541666666667,729.7708333333334,825.0208333333333,532.2708333333334,328.0625,294.375,283.3125,298.47916666666663,288.20833333333337,388.3958333333333,627.2916666666666,822.0,737.7083333333333,479.875,284.39583333333337,161.02083333333334,44.85416666666667,825.0208333333333,7593.375
Peenya Industry,13.0363428,77.525528,2.25,0.0,0.0,0.0,1.0208333333333333,20.729166666666664,49.91666666666667,173.83333333333334,495.8125,492.58333333333337,310.0416666666667,191.29166666666669,175.9375,175.58333333333331,172.85416666666669,159.10416666666666,202.66666666666669,377.45833333333337,471.4375,379.39583333333337,244.75,141.1875,76.64583333333333,27.104166666666664,495.8125,4341.604166666667
Ragigudda,12.9170892,77.588698,2.6666666666666665,0.0,0.0,0.0,0.023809523809523808,1.0029761904761905,19.553571428571427,111.47321428571428,231.92261904761904,294.1517857142857,252.80357142857144,271.6607142857143,261.4732142857143,249.46130952380952,244.29166666666669,241.5625,286.4702380952381,341.97916666666663,416.74107142857144,395.23809523809524,269.48809523809524,156.4970238095238,95.41666666666666,21.535714285714285,416.74107142857144,4165.413690476191
Rajajinagar,13.0005359,77.5496996,0.14583333333333334,0.0,0.0,0.0,8.395833333333334,83.0625,230.1875,798.9375,1639.4791666666667,2181.8541666666665,1585.7708333333335,1174.3958333333333,1117.75,1153.9791666666667,1159.8333333333335,1176.8958333333335,1276.3958333333333,1679.8333333333335,2120.3125,2084.0625,1470.5625,929.8541666666667,524.0,136.16666666666666,2181.8541666666665,22531.875
Rajarajeshwari Nagar,12.9366362,77.5196666,13.9375,0.0,0.0,0.0,1.5208333333333335,52.22916666666667,167.8125,466.14583333333337,1009.1041666666667,1097.0,746.3333333333333,603.4791666666666,574.5416666666667,614.7083333333333,574.9583333333333,616.2291666666667,716.875,995.4583333333333,1067.9375,1114.3125,794.9375,498.70833333333337,288.5208333333333,81.25,1114.3125,12096.0
Rashtreeya Vidyalaya Road,12.9208529,77.5802938,1.4166666666666667,0.0,0.0,0.0,4.333333333333333,69.0625,160.77083333333331,566.5416666666667,1196.0208333333333,1733.7916666666667,1294.7083333333333,906.0208333333333,847.5625,902.7708333333333,894.2708333333334,892.3541666666667,1086.3125,1321.5416666666665,1690.8958333333333,1551.3333333333333,1000.4791666666667,653.5208333333334,349.52083333333337,111.72916666666667,1733.7916666666667,17234.958333333332
Sandal Soap Factory,13.0147177,77.5540284,1.2708333333333333,0.0,0.0,0.0,4.270833333333333,53.395833333333336,159.27083333333334,516.2291666666667,1094.4375,1664.2291666666665,1565.1041666666667,1166.1875,1227.9166666666667,1249.3125,1287.8333333333333,1371.375,1585.0416666666665,1940.8333333333333,2406.9791666666665,2209.0416666666665,1430.6041666666665,905.6458333333333,659.125,128.85416666666666,2406.9791666666665,22626.958333333332
Seetharampalya,12.9813697,77.7086129,14.479166666666666,0.0,0.0,0.0,1.7708333333333333,67.25,216.77083333333331,460.72916666666663,1203.2291666666665,1874.5833333333333,1605.125,938.0416666666666,692.8125,684.2291666666666,611.5833333333333,743.7291666666667,1249.2083333333333,1592.7916666666665,1757.625,1416.8958333333335,922.8958333333333,633.25,415.54166666666663,122.1875,1874.5833333333333,17224.729166666664
Silk Institute,12.8616662,77.5299532,6.479166666666667,0.0,0.0,0.0,6.625,59.0,198.625,658.5,1197.8333333333335,1216.2291666666665,869.1875,743.25,662.4375,694.4583333333333,719.875,762.6041666666667,962.9166666666666,1108.5416666666667,1151.2083333333333,1063.25,689.6875,425.9583333333333,218.22916666666666,72.35416666666667,1216.2291666666665,13487.249999999998
Singasandra,12.8804315,77.6451067,3.308114035087719,0.0,0.0,0.0,0.0,0.393640350877193,19.921052631578945,81.06469298245615,172.25328947368422,202.12280701754386,156.31688596491227,147.3640350877193,143.13486842105263,137.26315789473682,146.22258771929825,142.28070175438597,157.46491228070175,221.7861842105263,273.37938596491233,227.67872807017545,172.62171052631578,113.16995614035088,69.48026315789474,21.900219298245617,273.37938596491233,2609.1271929824566
Singayyanapalya,12.9966967,77.6921457,7.5625,0.0,0.0,0.0,4.041666666666667,64.72916666666667,144.83333333333334,342.25,931.1666666666667,1452.9166666666667,1133.1875,836.0625,757.0,727.1458333333333,710.5833333333333,823.375,1118.6458333333335,1378.8333333333335,1771.5,1655.8958333333335,1121.7708333333335,826.6666666666666,633.6666666666666,142.75,1771.5,16584.583333333336
"Sir M. Visvesvaraya Stn., Central College",12.9745014,77.5842326,0.0,0.0,0.0,0.0,1.2291666666666667,25.645833333333332,74.9375,235.02083333333331,802.625,2452.3125,3694.4375,1969.6875,1797.1041666666667,1601.0625,1491.2916666666665,1468.0,1626.3541666666667,2210.3125,2157.708333333333,1257.8125,821.4375,419.5416666666667,163.8125,28.5,3694.4375,24298.833333333336
South End Circle,12.938262,77.5800772,0.041666666666666664,0.0,0.0,0.020833333333333332,3.645833333333333,36.229166666666664,106.0,431.1458333333333,1412.875,1830.5625,1208.9583333333333,743.0,719.5208333333333,1036.0,869.0416666666666,918.6666666666666,1039.8541666666665,1156.3541666666667,1537.2916666666667,1344.1041666666667,813.0625,448.97916666666663,232.97916666666669,65.5,1830.5625,15953.833333333332
"Sri Balagangadharanatha Swamiji Station, Hosahalli",12.974267,77.5456204,0.0,0.0,0.0,0.0,5.666666666666667,77.02083333333333,242.91666666666669,757.6458333333334,1608.25,2131.291666666667,1501.6458333333333,894.2916666666667,813.0208333333333,797.1875,797.9791666666667,778.9583333333334,987.375,1303.0625,1675.8333333333335,1636.8958333333335,1035.125,648.3958333333334,372.1875,109.75,2131.291666666667,18174.5
Sri Sathya Sai Hospital,12.9807354,77.7274963,3.875,0.0,0.0,0.0,1.0833333333333333,28.9375,153.79166666666666,477.7291666666667,1096.0416666666667,1772.3125,2089.75,1441.7083333333333,871.9166666666666,778.8958333333333,704.9791666666667,759.25,1240.8541666666665,1536.3125,1754.1458333333335,1243.3541666666665,734.2916666666666,366.5833333333333,163.20833333333334,30.416666666666664,2089.75,17249.4375
Srirampura,12.9965408,77.5633115,0.020833333333333332,0.0,0.0,0.0,2.5625,43.8125,120.47916666666666,432.47916666666663,856.2708333333334,1154.0,837.9375,573.9166666666666,535.2291666666666,581.25,590.0833333333333,580.2708333333333,676.6666666666667,892.0416666666667,1121.8541666666665,1123.75,751.0,499.7083333333333,262.7083333333333,77.4375,1154.0,11713.479166666666
Swami Vivekananda Road,12.9859128,77.6449072,4.229166666666666,0.0,0.0,0.0,11.958333333333332,77.625,290.9375,616.375,1524.5833333333335,2018.2083333333335,1614.2083333333335,908.4583333333333,682.9583333333333,716.0208333333334,687.875,884.5416666666667,1269.5,1538.9375,1611.2083333333335,1426.7291666666665,904.0416666666667,523.2916666666666,311.75,97.45833333333333,2018.2083333333335,17720.895833333336
Thalaghattapura,12.8713916,77.538419,4.333333333333333,0.0,0.0,0.0,3.583333333333333,26.041666666666668,78.25,269.1666666666667,562.4583333333333,540.7916666666667,337.0,274.0625,261.7083333333333,256.3125,266.4583333333333,272.29166666666663,371.77083333333337,400.64583333333337,490.8125,504.25,362.0208333333333,209.375,131.625,45.14583333333333,562.4583333333333,5668.104166666667
Trinity,12.9729953,77.617013,0.3541666666666667,0.0,0.0,0.0,1.6041666666666667,36.25,129.41666666666666,426.8125,1302.875,3634.729166666667,2722.3125,1115.25,851.3333333333334,834.3541666666667,816.4583333333333,833.4583333333333,1077.4583333333335,1922.4375,3231.875,2477.541666666667,1223.875,599.5,320.9583333333333,67.625,3634.729166666667,23626.47916666667
Vajarahalli,12.8775221,77.5448072,6.270833333333334,0.0,0.0,0.0,6.0625,49.854166666666664,133.97916666666669,496.14583333333337,1099.7083333333333,932.375,616.1041666666666,501.9375,518.6458333333334,508.27083333333337,537.9166666666666,598.875,733.4583333333334,756.5,923.6458333333333,940.5625,685.9583333333334,383.5625,239.35416666666669,81.08333333333333,1099.7083333333333,10750.270833333334
Vijayanagar,12.9709391,77.5374285,0.10416666666666666,0.0,0.0,0.0,9.979166666666666,135.47916666666666,316.27083333333337,914.5208333333334,1823.9583333333335,2529.541666666667,1690.3958333333333,1118.6875,1074.9375,1092.3333333333335,1134.4791666666665,1079.0416666666667,1323.6041666666665,1823.0416666666667,2423.6875,2393.75,1542.875,1078.4375,582.5208333333334,163.6875,2529.541666666667,24251.333333333336
Whitefield (Kadugodi),12.99519,77.7578215,36.0,0.0,0.0,0.0,9.020833333333334,76.91666666666667,319.4375,799.5208333333333,1418.3333333333335,1606.4166666666665,1136.3333333333335,884.4583333333333,741.5833333333333,752.3958333333333,788.3958333333333,870.0833333333333,1057.25,1318.0625,1517.7083333333335,1398.9166666666665,1003.375,644.5416666666667,338.72916666666663,134.75,1606.4166666666665,16852.229166666668
Yelachenahalli,12.8960361,77.57014,11.1875,0.0,0.0,0.0,4.083333333333333,88.6875,237.9375,799.3541666666667,1834.3333333333335,2019.3333333333335,1279.2916666666667,807.3541666666667,808.1041666666667,776.3125,839.7083333333333,841.25,1131.4166666666665,1340.2083333333335,1759.8333333333335,1748.9791666666665,1153.5625,719.1041666666666,367.1041666666667,149.54166666666666,2019.3333333333335,18716.6875
Yeshwantpur,13.0233685,77.549748,5.854166666666667,0.0,0.0,2.625,254.85416666666669,665.6666666666666,857.625,1516.9166666666667,1997.5416666666665,1595.5,1528.0416666666667,1028.75,1300.8333333333335,1395.4791666666665,1589.8541666666665,1226.7708333333335,1088.2708333333335,2064.8125,2190.3125,2571.0625,2724.9375,1515.6041666666665,999.75,362.5416666666667,2724.9375,28483.604166666664
